album_id,final_score
1,7.189176044136791
7,6.403837038238452
